,count,quantiles.0.5,quantiles.0.9,quantiles.0.99,sum,labels.type,quantiles.0,quantiles.0.01,quantiles.0.1,quantiles.0.25,quantiles.0.75,quantiles.1,help,name,type,ColdStart,ExpLabel,Timestamp
0,110,26872,55017,121625,3.798403e+06,,,,,,,,Statistics of scheduler evaluations,workflows_scheduler_eval_time,SUMMARY,1000000000,policy-warm-mz,2019-11-03 11:34:24.056183918
1,40,2.10159122e+08,3.49784111e+08,,9.144895555e+09,queued,4.7928086e+07,4.7928086e+07,4.9532088e+07,2.09043046e+08,2.47952632e+08,4.4986477e+08,Duration of an invocation in various states.,invocation_monitor_time,SUMMARY,1000000000,policy-warm-mz,2019-11-03 11:34:24.056183918
2,20,6.232487052e+09,6.238806189e+09,,1.24681538191e+11,running,6.226943984e+09,6.226943984e+09,6.230294979e+09,6.230931714e+09,6.236209089e+09,6.243746143e+09,Duration of an invocation in various states.,invocation_monitor_time,SUMMARY,1000000000,policy-warm-mz,2019-11-03 11:34:24.056183918
3,230,30183,55449,148141,8.526332e+06,,,,,,,,Statistics of scheduler evaluations,workflows_scheduler_eval_time,SUMMARY,2000000000,policy-warm-mz,2019-11-03 11:34:40.574790158
4,80,2.48250272e+08,3.99332804e+08,,2.1982077456e+10,queued,4.7928086e+07,4.7928086e+07,4.9532088e+07,2.09074867e+08,3.96126834e+08,4.4986477e+08,Duration of an invocation in various states.,invocation_monitor_time,SUMMARY,2000000000,policy-warm-mz,2019-11-03 11:34:40.574790158
5,60,6.232487052e+09,9.417810919e+09,,3.78124067864e+11,running,3.056065929e+09,3.056065929e+09,3.154747589e+09,3.358490965e+09,9.413526349e+09,9.420353126e+09,Duration of an invocation in various states.,invocation_monitor_time,SUMMARY,2000000000,policy-warm-mz,2019-11-03 11:34:40.574790158
6,350,31678,57604,201263,1.4082447e+07,,,,,,,,Statistics of scheduler evaluations,workflows_scheduler_eval_time,SUMMARY,3000000000,policy-warm-mz,2019-11-03 11:35:00.079242486
7,120,3.48151612e+08,4.07038594e+08,,3.4988259489e+10,queued,4.7928086e+07,4.7928086e+07,5.0432656e+07,2.09113308e+08,3.99917434e+08,4.50708607e+08,Duration of an invocation in various states.,invocation_monitor_time,SUMMARY,3000000000,policy-warm-mz,2019-11-03 11:35:00.079242486
8,100,6.232487052e+09,1.2437316479e+10,,6.91941320336e+11,running,3.056065929e+09,3.056065929e+09,3.154747589e+09,3.355597006e+09,9.417905695e+09,1.2443235288e+10,Duration of an invocation in various states.,invocation_monitor_time,SUMMARY,3000000000,policy-warm-mz,2019-11-03 11:35:00.079242486
9,470,33053,59545,246663,2.0014693e+07,,,,,,,,Statistics of scheduler evaluations,workflows_scheduler_eval_time,SUMMARY,4000000000,policy-warm-mz,2019-11-03 11:35:22.579168174
10,160,3.48674401e+08,4.07195407e+08,,4.7975242216e+10,queued,4.7928086e+07,4.7928086e+07,5.0432656e+07,2.09221214e+08,4.04509446e+08,4.50708607e+08,Duration of an invocation in various states.,invocation_monitor_time,SUMMARY,4000000000,policy-warm-mz,2019-11-03 11:35:22.579168174
11,140,6.232487052e+09,1.5424344892e+10,,1.065615523544e+12,running,3.056065929e+09,3.056065929e+09,3.154747589e+09,3.266042784e+09,1.2423379366e+10,1.5432230193e+10,Duration of an invocation in various states.,invocation_monitor_time,SUMMARY,4000000000,policy-warm-mz,2019-11-03 11:35:22.579168174
12,590,34578,58250,326620,2.4153299e+07,,,,,,,,Statistics of scheduler evaluations,workflows_scheduler_eval_time,SUMMARY,5000000000,policy-warm-mz,2019-11-03 11:35:48.083848310
13,200,3.49784111e+08,4.07550184e+08,,6.1007456433e+10,queued,4.7928086e+07,4.7948825e+07,5.0432656e+07,2.09669941e+08,4.05178552e+08,4.50708607e+08,Duration of an invocation in various states.,invocation_monitor_time,SUMMARY,5000000000,policy-warm-mz,2019-11-03 11:35:48.083848310
14,180,6.232487052e+09,1.8426970493e+10,,1.4996151244e+12,running,3.056065929e+09,3.056065929e+09,3.154747589e+09,3.263989105e+09,1.2440122485e+10,1.8447765486e+10,Duration of an invocation in various states.,invocation_monitor_time,SUMMARY,5000000000,policy-warm-mz,2019-11-03 11:35:48.083848310
15,710,29713,61591,418900,3.2322043e+07,,,,,,,,Statistics of scheduler evaluations,workflows_scheduler_eval_time,SUMMARY,6000000000,policy-warm-mz,2019-11-03 11:36:16.583867768
16,240,3.71623285e+08,4.07524502e+08,,7.3975658946e+10,queued,4.7928086e+07,4.7948825e+07,5.0432656e+07,2.10159122e+08,4.05128836e+08,4.50708607e+08,Duration of an invocation in various states.,invocation_monitor_time,SUMMARY,6000000000,policy-warm-mz,2019-11-03 11:36:16.583867768
17,220,6.232487052e+09,1.8446773932e+10,,1.99346501048e+12,running,3.056065929e+09,3.056658248e+09,3.154747589e+09,3.2630094e+09,1.542409274e+10,2.1443961152e+10,Duration of an invocation in various states.,invocation_monitor_time,SUMMARY,6000000000,policy-warm-mz,2019-11-03 11:36:16.583867768
18,830,29713,61591,441859,3.8417958e+07,,,,,,,,Statistics of scheduler evaluations,workflows_scheduler_eval_time,SUMMARY,7000000000,policy-warm-mz,2019-11-03 11:36:48.083920066
19,280,3.95715129e+08,4.10356669e+08,,8.7071634063e+10,queued,4.7928086e+07,4.7948825e+07,5.0432656e+07,2.13247234e+08,4.05992009e+08,4.50708607e+08,Duration of an invocation in various states.,invocation_monitor_time,SUMMARY,7000000000,policy-warm-mz,2019-11-03 11:36:48.083920066
20,260,6.232487052e+09,2.1441254745e+10,,2.547170285033e+12,running,3.056065929e+09,3.056658248e+09,3.154747589e+09,3.262766871e+09,1.5429033649e+10,2.4440723611e+10,Duration of an invocation in various states.,invocation_monitor_time,SUMMARY,7000000000,policy-warm-mz,2019-11-03 11:36:48.083920066
21,950,29713,58250,418900,4.2622777e+07,,,,,,,,Statistics of scheduler evaluations,workflows_scheduler_eval_time,SUMMARY,8000000000,policy-warm-mz,2019-11-03 11:37:22.503778391
22,320,3.96045239e+08,4.10356669e+08,,1.00018990904e+11,queued,4.7928086e+07,4.7964903e+07,5.2004981e+07,2.13831373e+08,4.05472144e+08,4.50708607e+08,Duration of an invocation in various states.,invocation_monitor_time,SUMMARY,8000000000,policy-warm-mz,2019-11-03 11:37:22.503778391
23,300,6.232487052e+09,2.4430847823e+10,,3.160856894383e+12,running,3.056035587e+09,3.056658248e+09,3.154747589e+09,3.262640874e+09,1.8438828788e+10,2.7434830515e+10,Duration of an invocation in various states.,invocation_monitor_time,SUMMARY,8000000000,policy-warm-mz,2019-11-03 11:37:22.503778391
24,1070,30203,58250,418900,5.0792541e+07,,,,,,,,Statistics of scheduler evaluations,workflows_scheduler_eval_time,SUMMARY,9000000000,policy-warm-mz,2019-11-03 11:38:00.091087460
25,360,3.96342808e+08,4.10259728e+08,,1.13063008905e+11,queued,4.7928086e+07,4.7964903e+07,5.2004981e+07,2.14021604e+08,4.06402107e+08,4.50708607e+08,Duration of an invocation in various states.,invocation_monitor_time,SUMMARY,9000000000,policy-warm-mz,2019-11-03 11:38:00.091087460
26,340,6.232487052e+09,2.7425569082e+10,,3.834955470182e+12,running,3.056035587e+09,3.056658248e+09,3.154747589e+09,3.262212447e+09,1.8445985634e+10,3.0449955585e+10,Duration of an invocation in various states.,invocation_monitor_time,SUMMARY,9000000000,policy-warm-mz,2019-11-03 11:38:00.091087460
27,1190,30203,58250,418900,5.8769538e+07,,,,,,,,Statistics of scheduler evaluations,workflows_scheduler_eval_time,SUMMARY,10000000000,policy-warm-mz,2019-11-03 11:38:40.592694590
28,400,3.96612323e+08,4.10990447e+08,,1.26154028297e+11,queued,4.7928086e+07,4.7975234e+07,5.2004981e+07,2.19346552e+08,4.0723738e+08,4.51515828e+08,Duration of an invocation in various states.,invocation_monitor_time,SUMMARY,10000000000,policy-warm-mz,2019-11-03 11:38:40.592694590
29,380,6.232487052e+09,3.0423369414e+10,,4.568979884539e+12,running,3.056035587e+09,3.056281014e+09,3.154667382e+09,3.262043096e+09,2.1432816927e+10,3.3450838245e+10,Duration of an invocation in various states.,invocation_monitor_time,SUMMARY,10000000000,policy-warm-mz,2019-11-03 11:38:40.592694590
30,1310,30203,58250,389521,6.2793629e+07,,,,,,,,Statistics of scheduler evaluations,workflows_scheduler_eval_time,SUMMARY,11000000000,policy-warm-mz,2019-11-03 11:39:24.018006108
31,440,3.96933245e+08,4.10990447e+08,,1.39245371342e+11,queued,4.7928086e+07,4.7975234e+07,5.2004981e+07,2.47667367e+08,4.0723738e+08,4.51515828e+08,Duration of an invocation in various states.,invocation_monitor_time,SUMMARY,11000000000,policy-warm-mz,2019-11-03 11:39:24.018006108
32,420,6.232487052e+09,3.0448156165e+10,,5.362875397988e+12,running,3.056035587e+09,3.056658248e+09,3.154667382e+09,3.262043096e+09,2.1441653229e+10,3.6458121173e+10,Duration of an invocation in various states.,invocation_monitor_time,SUMMARY,11000000000,policy-warm-mz,2019-11-03 11:39:24.018006108
33,1431,29713,58250,389521,6.7570504e+07,,,,,,,,Statistics of scheduler evaluations,workflows_scheduler_eval_time,SUMMARY,12000000000,policy-warm-mz,2019-11-03 11:40:11.000984595
34,480,3.97729726e+08,4.11043747e+08,,1.52794203374e+11,queued,4.7928086e+07,4.7975234e+07,1.47680782e+08,2.47916465e+08,4.07550184e+08,4.51515828e+08,Duration of an invocation in various states.,invocation_monitor_time,SUMMARY,12000000000,policy-warm-mz,2019-11-03 11:40:11.000984595
35,460,6.232487052e+09,3.3445015203e+10,,6.217165778279e+12,running,3.056035587e+09,3.056658248e+09,3.154667382e+09,3.261329867e+09,2.4425741198e+10,3.9919400665e+10,Duration of an invocation in various states.,invocation_monitor_time,SUMMARY,12000000000,policy-warm-mz,2019-11-03 11:40:11.000984595
36,1548,29713,58250,341427,7.1409364e+07,,,,,,,,Statistics of scheduler evaluations,workflows_scheduler_eval_time,SUMMARY,13000000000,policy-warm-mz,2019-11-03 11:41:00.621001910
37,520,3.98083067e+08,4.11067879e+08,,1.65902366873e+11,queued,4.5157022e+07,4.8042512e+07,1.47941358e+08,2.48033893e+08,4.07444609e+08,4.53762016e+08,Duration of an invocation in various states.,invocation_monitor_time,SUMMARY,13000000000,policy-warm-mz,2019-11-03 11:41:00.621001910
38,500,6.233065544e+09,3.6440319984e+10,,7.131898188626e+12,running,3.056035587e+09,3.057209885e+09,3.15519563e+09,3.262043096e+09,2.4432393146e+10,4.2480042381e+10,Duration of an invocation in various states.,invocation_monitor_time,SUMMARY,13000000000,policy-warm-mz,2019-11-03 11:41:00.621001910
39,1670,29713,58250,341427,7.4934132e+07,,,,,,,,Statistics of scheduler evaluations,workflows_scheduler_eval_time,SUMMARY,14000000000,policy-warm-mz,2019-11-03 11:41:53.532735217
40,560,3.98827012e+08,4.11067879e+08,,1.78948284388e+11,queued,4.5157022e+07,4.8042512e+07,1.47680782e+08,2.48060932e+08,4.0730146e+08,4.53762016e+08,Duration of an invocation in various states.,invocation_monitor_time,SUMMARY,14000000000,policy-warm-mz,2019-11-03 11:41:53.532735217
41,540,6.233065544e+09,3.942587744e+10,,8.105732313863e+12,running,3.056035587e+09,3.057245139e+09,3.15519563e+09,3.262212447e+09,2.7425569082e+10,4.5438039927e+10,Duration of an invocation in various states.,invocation_monitor_time,SUMMARY,14000000000,policy-warm-mz,2019-11-03 11:41:53.532735217
42,1790,29713,58250,341427,8.0595848e+07,,,,,,,,Statistics of scheduler evaluations,workflows_scheduler_eval_time,SUMMARY,15000000000,policy-warm-mz,2019-11-03 11:42:49.032217832
43,600,3.98827012e+08,4.11067879e+08,,1.91943377297e+11,queued,4.5157022e+07,4.7975234e+07,1.47680782e+08,2.48033893e+08,4.0730146e+08,4.53762016e+08,Duration of an invocation in various states.,invocation_monitor_time,SUMMARY,15000000000,policy-warm-mz,2019-11-03 11:42:49.032217832
44,580,6.233065544e+09,4.2430248173e+10,,9.139615882889e+12,running,3.056035587e+09,3.057245139e+09,3.15519563e+09,3.262212447e+09,2.7432830407e+10,4.8435883609e+10,Duration of an invocation in various states.,invocation_monitor_time,SUMMARY,15000000000,policy-warm-mz,2019-11-03 11:42:49.032217832
45,1910,29713,58250,341427,8.5354209e+07,,,,,,,,Statistics of scheduler evaluations,workflows_scheduler_eval_time,SUMMARY,16000000000,policy-warm-mz,2019-11-03 11:43:48.050948148
46,640,3.99123764e+08,4.11043747e+08,,2.04877817536e+11,queued,4.5157022e+07,4.7975234e+07,1.47680782e+08,2.48060932e+08,4.07221229e+08,4.53762016e+08,Duration of an invocation in various states.,invocation_monitor_time,SUMMARY,16000000000,policy-warm-mz,2019-11-03 11:43:48.050948148
47,620,6.233065544e+09,4.2479962817e+10,,1.0235341194333e+13,running,3.056035587e+09,3.057245139e+09,3.15519563e+09,3.262130239e+09,3.0435172732e+10,5.1911641501e+10,Duration of an invocation in various states.,invocation_monitor_time,SUMMARY,16000000000,policy-warm-mz,2019-11-03 11:43:48.050948148
48,2030,29827,56364,311276,9.5571388e+07,,,,,,,,Statistics of scheduler evaluations,workflows_scheduler_eval_time,SUMMARY,17000000000,policy-warm-mz,2019-11-03 11:44:49.602019978
49,680,4.00345442e+08,4.11730623e+08,,2.17810735301e+11,queued,4.5157022e+07,4.7926587e+07,5.2684877e+07,2.48190429e+08,4.08024759e+08,4.53762016e+08,Duration of an invocation in various states.,invocation_monitor_time,SUMMARY,17000000000,policy-warm-mz,2019-11-03 11:44:49.602019978
50,660,2.4430847823e+10,4.8432032648e+10,,1.1389654829931e+13,running,3.056035587e+09,3.057209885e+09,3.155394615e+09,3.262212447e+09,3.9432230299e+10,5.4471618345e+10,Duration of an invocation in various states.,invocation_monitor_time,SUMMARY,17000000000,policy-warm-mz,2019-11-03 11:44:49.602019978
51,2150,27472,56364,311276,1.10050423e+08,,,,,,,,Statistics of scheduler evaluations,workflows_scheduler_eval_time,SUMMARY,18000000000,policy-warm-mz,2019-11-03 11:45:54.572612402
52,720,3.99227382e+08,4.1133848e+08,,2.30234381253e+11,queued,4.5157022e+07,4.7869217e+07,5.2684877e+07,2.48171589e+08,4.07739652e+08,4.53762016e+08,Duration of an invocation in various states.,invocation_monitor_time,SUMMARY,18000000000,policy-warm-mz,2019-11-03 11:45:54.572612402
53,700,2.4430847823e+10,5.1431135638e+10,,1.2604065342743e+13,running,3.056035587e+09,3.057209885e+09,3.155394615e+09,3.262644464e+09,4.243078203e+10,5.7411595573e+10,Duration of an invocation in various states.,invocation_monitor_time,SUMMARY,18000000000,policy-warm-mz,2019-11-03 11:45:54.572612402
54,2270,26356,53715,364707,1.17332715e+08,,,,,,,,Statistics of scheduler evaluations,workflows_scheduler_eval_time,SUMMARY,19000000000,policy-warm-mz,2019-11-03 11:47:02.087687556
55,760,3.96825862e+08,4.09621298e+08,,2.43069247044e+11,queued,4.5157022e+07,4.7830085e+07,5.2506106e+07,2.48171589e+08,4.06327019e+08,4.53762016e+08,Duration of an invocation in various states.,invocation_monitor_time,SUMMARY,19000000000,policy-warm-mz,2019-11-03 11:47:02.087687556
56,740,3.3443001708e+10,5.7395007865e+10,,1.3877930608944e+13,running,3.056342703e+09,3.05829731e+09,3.156843689e+09,3.264785991e+09,4.8417850515e+10,6.0441463471e+10,Duration of an invocation in various states.,invocation_monitor_time,SUMMARY,19000000000,policy-warm-mz,2019-11-03 11:47:02.087687556
57,2390,26858,53633,499024,1.23323623e+08,,,,,,,,Statistics of scheduler evaluations,workflows_scheduler_eval_time,SUMMARY,20000000000,policy-warm-mz,2019-11-03 11:48:12.589053338
58,800,3.74107689e+08,4.09462631e+08,,2.53784402677e+11,queued,4.5157022e+07,4.7869217e+07,5.2506106e+07,2.48190429e+08,4.06155073e+08,4.53762016e+08,Duration of an invocation in various states.,invocation_monitor_time,SUMMARY,20000000000,policy-warm-mz,2019-11-03 11:48:12.589053338
59,780,3.3443001708e+10,5.7410893284e+10,,1.5210215668766e+13,running,3.054280462e+09,3.05829731e+09,3.156843689e+09,3.264785991e+09,4.8429361842e+10,6.3341484172e+10,Duration of an invocation in various states.,invocation_monitor_time,SUMMARY,20000000000,policy-warm-mz,2019-11-03 11:48:12.589053338
60,60,31486,59114,84470,2.220558e+06,,,,,,,,Statistics of scheduler evaluations,workflows_scheduler_eval_time,SUMMARY,1000000000,policy-warm-mz-rr,2019-11-03 10:14:33.465829361
61,20,3.7785928e+07,3.59508058e+08,,2.924428306e+09,queued,3.6549798e+07,3.6549798e+07,3.6833575e+07,3.7515633e+07,2.58080125e+08,4.58882636e+08,Duration of an invocation in various states.,invocation_monitor_time,SUMMARY,1000000000,policy-warm-mz-rr,2019-11-03 10:14:33.465829361
62,10,6.057136232e+09,6.059283713e+09,,6.0566688175e+10,running,6.052900601e+09,6.052900601e+09,6.052900601e+09,6.053194121e+09,6.057988798e+09,6.060035822e+09,Duration of an invocation in various states.,invocation_monitor_time,SUMMARY,1000000000,policy-warm-mz-rr,2019-11-03 10:14:33.465829361
63,120,31076,66271,119306,5.121065e+06,,,,,,,,Statistics of scheduler evaluations,workflows_scheduler_eval_time,SUMMARY,2000000000,policy-warm-mz-rr,2019-11-03 10:14:47.982238038
64,40,2.58066444e+08,4.30664907e+08,,9.74825005e+09,queued,3.6549798e+07,3.6549798e+07,3.7471773e+07,3.7785928e+07,4.27129478e+08,4.58882636e+08,Duration of an invocation in various states.,invocation_monitor_time,SUMMARY,2000000000,policy-warm-mz-rr,2019-11-03 10:14:47.982238038
65,30,6.057136232e+09,9.454289668e+09,,1.87742479784e+11,running,3.066285068e+09,3.066285068e+09,3.167970994e+09,3.367203887e+09,9.448264859e+09,9.45682006e+09,Duration of an invocation in various states.,invocation_monitor_time,SUMMARY,2000000000,policy-warm-mz-rr,2019-11-03 10:14:47.982238038
66,180,31619,69126,250282,7.855454e+06,,,,,,,,Statistics of scheduler evaluations,workflows_scheduler_eval_time,SUMMARY,3000000000,policy-warm-mz-rr,2019-11-03 10:15:05.477360356
67,60,3.58078805e+08,4.32975285e+08,,1.6610425238e+10,queued,3.6549798e+07,3.6549798e+07,3.754733e+07,5.8298758e+07,4.30664907e+08,4.58882636e+08,Duration of an invocation in various states.,invocation_monitor_time,SUMMARY,3000000000,policy-warm-mz-rr,2019-11-03 10:15:05.477360356
68,50,6.057136232e+09,1.2448777271e+10,,3.44853505668e+11,running,3.066285068e+09,3.066285068e+09,3.16494193e+09,3.268396869e+09,9.454289668e+09,1.2451144227e+10,Duration of an invocation in various states.,invocation_monitor_time,SUMMARY,3000000000,policy-warm-mz-rr,2019-11-03 10:15:05.477360356
69,240,33265,69586,193844,1.0677437e+07,,,,,,,,Statistics of scheduler evaluations,workflows_scheduler_eval_time,SUMMARY,4000000000,policy-warm-mz-rr,2019-11-03 10:15:25.988570646
70,80,3.58234765e+08,4.32788904e+08,,2.3387741356e+10,queued,3.6549798e+07,3.6549798e+07,3.7715314e+07,1.57959238e+08,4.29238244e+08,4.58882636e+08,Duration of an invocation in various states.,invocation_monitor_time,SUMMARY,4000000000,policy-warm-mz-rr,2019-11-03 10:15:25.988570646
71,70,6.057136232e+09,1.5445415059e+10,,5.32024301856e+11,running,3.066285068e+09,3.066285068e+09,3.16494193e+09,3.268396869e+09,1.2444594984e+10,1.5455583328e+10,Duration of an invocation in various states.,invocation_monitor_time,SUMMARY,4000000000,policy-warm-mz-rr,2019-11-03 10:15:25.988570646
72,300,34273,68216,209457,1.3325486e+07,,,,,,,,Statistics of scheduler evaluations,workflows_scheduler_eval_time,SUMMARY,5000000000,policy-warm-mz-rr,2019-11-03 10:15:49.486191925
73,100,3.60115475e+08,4.33574151e+08,,3.0259559987e+10,queued,3.6549798e+07,3.6549798e+07,3.7785928e+07,1.58027109e+08,4.31910403e+08,4.58882636e+08,Duration of an invocation in various states.,invocation_monitor_time,SUMMARY,5000000000,policy-warm-mz-rr,2019-11-03 10:15:49.486191925
74,90,6.057136232e+09,1.8445864491e+10,,7.49148771243e+11,running,3.066285068e+09,3.066285068e+09,3.16494193e+09,3.268396869e+09,1.2449480652e+10,1.8453210152e+10,Duration of an invocation in various states.,invocation_monitor_time,SUMMARY,5000000000,policy-warm-mz-rr,2019-11-03 10:15:49.486191925
75,360,33265,66457,196391,1.5608523e+07,,,,,,,,Statistics of scheduler evaluations,workflows_scheduler_eval_time,SUMMARY,6000000000,policy-warm-mz-rr,2019-11-03 10:16:15.991853449
76,120,4.00484229e+08,4.34228343e+08,,3.712565593e+10,queued,3.6549798e+07,3.6549798e+07,5.800054e+07,1.58127082e+08,4.32738136e+08,4.58882636e+08,Duration of an invocation in various states.,invocation_monitor_time,SUMMARY,6000000000,policy-warm-mz-rr,2019-11-03 10:16:15.991853449
77,110,6.057136232e+09,1.845297046e+10,,9.96325226504e+11,running,3.066285068e+09,3.066285068e+09,3.16494193e+09,3.268696457e+09,1.5442374592e+10,2.1458201123e+10,Duration of an invocation in various states.,invocation_monitor_time,SUMMARY,6000000000,policy-warm-mz-rr,2019-11-03 10:16:15.991853449
78,420,33652,67857,193844,1.8142026e+07,,,,,,,,Statistics of scheduler evaluations,workflows_scheduler_eval_time,SUMMARY,7000000000,policy-warm-mz-rr,2019-11-03 10:16:45.507139988
79,140,4.05275107e+08,4.34192791e+08,,4.3940177346e+10,queued,3.6549798e+07,3.6549798e+07,5.8068754e+07,1.58222751e+08,4.32361369e+08,4.58882636e+08,Duration of an invocation in various states.,invocation_monitor_time,SUMMARY,7000000000,policy-warm-mz-rr,2019-11-03 10:16:45.507139988
80,130,6.057136232e+09,2.1457394191e+10,,1.273417325852e+12,running,3.065592286e+09,3.065592286e+09,3.16494193e+09,3.268396869e+09,1.5453850721e+10,2.4450005616e+10,Duration of an invocation in various states.,invocation_monitor_time,SUMMARY,7000000000,policy-warm-mz-rr,2019-11-03 10:16:45.507139988
81,480,33265,66271,209457,2.1974826e+07,,,,,,,,Statistics of scheduler evaluations,workflows_scheduler_eval_time,SUMMARY,8000000000,policy-warm-mz-rr,2019-11-03 10:17:17.996855888
82,160,4.07130501e+08,4.34192791e+08,,5.0788094114e+10,queued,3.6549798e+07,3.6549798e+07,5.8144434e+07,1.58395547e+08,4.3266959e+08,4.58882636e+08,Duration of an invocation in various states.,invocation_monitor_time,SUMMARY,8000000000,policy-warm-mz-rr,2019-11-03 10:17:17.996855888
83,150,6.057136232e+09,2.4445109333e+10,,1.580527980192e+12,running,3.065592286e+09,3.065592286e+09,3.16494193e+09,3.268396869e+09,1.8446165447e+10,2.7456330365e+10,Duration of an invocation in various states.,invocation_monitor_time,SUMMARY,8000000000,policy-warm-mz-rr,2019-11-03 10:17:17.996855888
84,540,35277,65248,250282,2.4176574e+07,,,,,,,,Statistics of scheduler evaluations,workflows_scheduler_eval_time,SUMMARY,9000000000,policy-warm-mz-rr,2019-11-03 10:17:53.503024401
85,180,4.11779642e+08,4.34228343e+08,,5.7628901859e+10,queued,3.6549798e+07,3.6549798e+07,5.8177038e+07,1.58915666e+08,4.32866742e+08,4.58882636e+08,Duration of an invocation in various states.,invocation_monitor_time,SUMMARY,9000000000,policy-warm-mz-rr,2019-11-03 10:17:53.503024401
86,170,6.057136232e+09,2.7448694299e+10,,1.917730564147e+12,running,3.065592286e+09,3.065592286e+09,3.16494193e+09,3.268396869e+09,1.8447942689e+10,3.0458835943e+10,Duration of an invocation in various states.,invocation_monitor_time,SUMMARY,9000000000,policy-warm-mz-rr,2019-11-03 10:17:53.503024401
87,600,35277,65248,219684,2.6884839e+07,,,,,,,,Statistics of scheduler evaluations,workflows_scheduler_eval_time,SUMMARY,10000000000,policy-warm-mz-rr,2019-11-03 10:18:32.008768303
88,200,4.232364e+08,4.34192791e+08,,6.4438749894e+10,queued,3.6549798e+07,3.6833575e+07,5.8180029e+07,1.59474879e+08,4.3266959e+08,4.58882636e+08,Duration of an invocation in various states.,invocation_monitor_time,SUMMARY,10000000000,policy-warm-mz-rr,2019-11-03 10:18:32.008768303
89,190,6.057136232e+09,3.0448234432e+10,,2.284910144041e+12,running,3.065592286e+09,3.065592286e+09,3.16494193e+09,3.268396869e+09,2.1445836466e+10,3.3459632976e+10,Duration of an invocation in various states.,invocation_monitor_time,SUMMARY,10000000000,policy-warm-mz-rr,2019-11-03 10:18:32.008768303
90,660,35277,65248,219684,2.9073244e+07,,,,,,,,Statistics of scheduler evaluations,workflows_scheduler_eval_time,SUMMARY,11000000000,policy-warm-mz-rr,2019-11-03 10:19:13.424967371
91,220,4.2495275e+08,4.34228343e+08,,7.1693580697e+10,queued,3.6549798e+07,3.6833575e+07,5.8230596e+07,2.57964507e+08,4.32536449e+08,4.64065548e+08,Duration of an invocation in various states.,invocation_monitor_time,SUMMARY,11000000000,policy-warm-mz-rr,2019-11-03 10:19:13.424967371
92,210,6.057136232e+09,3.0457638134e+10,,2.681935195588e+12,running,3.065592286e+09,3.066285068e+09,3.16494193e+09,3.268696457e+09,2.1457394191e+10,3.6445179829e+10,Duration of an invocation in various states.,invocation_monitor_time,SUMMARY,11000000000,policy-warm-mz-rr,2019-11-03 10:19:13.424967371
93,720,35277,65248,219684,3.1685776e+07,,,,,,,,Statistics of scheduler evaluations,workflows_scheduler_eval_time,SUMMARY,12000000000,policy-warm-mz-rr,2019-11-03 10:19:57.916981054
94,240,4.25426128e+08,4.34233472e+08,,7.8999275679e+10,queued,3.6549798e+07,3.6833575e+07,5.8253954e+07,2.57967678e+08,4.32448132e+08,4.72057733e+08,Duration of an invocation in various states.,invocation_monitor_time,SUMMARY,12000000000,policy-warm-mz-rr,2019-11-03 10:19:57.916981054
95,230,6.057136232e+09,3.3458336774e+10,,3.10960208408e+12,running,3.065592286e+09,3.066285068e+09,3.165165166e+09,3.26886645e+09,2.4443359076e+10,3.9455521793e+10,Duration of an invocation in various states.,invocation_monitor_time,SUMMARY,12000000000,policy-warm-mz-rr,2019-11-03 10:19:57.916981054
96,780,35277,65248,219684,3.4445295e+07,,,,,,,,Statistics of scheduler evaluations,workflows_scheduler_eval_time,SUMMARY,13000000000,policy-warm-mz-rr,2019-11-03 10:20:45.446375736
97,260,4.25632789e+08,4.34233472e+08,,8.5888592989e+10,queued,3.6549798e+07,3.6833575e+07,5.8253954e+07,2.57964507e+08,4.32589502e+08,4.72057733e+08,Duration of an invocation in various states.,invocation_monitor_time,SUMMARY,13000000000,policy-warm-mz-rr,2019-11-03 10:20:45.446375736
98,250,6.057136232e+09,3.644243768e+10,,3.56719056574e+12,running,3.065592286e+09,3.066285068e+09,3.166369808e+09,3.26886645e+09,2.4446238411e+10,4.245061756e+10,Duration of an invocation in various states.,invocation_monitor_time,SUMMARY,13000000000,policy-warm-mz-rr,2019-11-03 10:20:45.446375736
99,840,35277,65248,209457,3.6728976e+07,,,,,,,,Statistics of scheduler evaluations,workflows_scheduler_eval_time,SUMMARY,14000000000,policy-warm-mz-rr,2019-11-03 10:21:35.932322785
100,280,4.25957307e+08,4.34233472e+08,,9.2764556357e+10,queued,3.6549798e+07,3.6833575e+07,5.8288155e+07,2.57967678e+08,4.32524848e+08,4.72057733e+08,Duration of an invocation in various states.,invocation_monitor_time,SUMMARY,14000000000,policy-warm-mz-rr,2019-11-03 10:21:35.932322785
101,270,6.057136232e+09,3.9449034165e+10,,4.054375225742e+12,running,3.065592286e+09,3.066285068e+09,3.166369808e+09,3.269184473e+09,2.7448123835e+10,4.5453546993e+10,Duration of an invocation in various states.,invocation_monitor_time,SUMMARY,14000000000,policy-warm-mz-rr,2019-11-03 10:21:35.932322785
102,900,35277,65248,206358,3.8816624e+07,,,,,,,,Statistics of scheduler evaluations,workflows_scheduler_eval_time,SUMMARY,15000000000,policy-warm-mz-rr,2019-11-03 10:22:29.436520365
103,300,4.26027016e+08,4.34233472e+08,,9.9629181544e+10,queued,3.6549798e+07,3.6971852e+07,5.8288155e+07,2.57964507e+08,4.32430101e+08,4.72057733e+08,Duration of an invocation in various states.,invocation_monitor_time,SUMMARY,15000000000,policy-warm-mz-rr,2019-11-03 10:22:29.436520365
104,290,6.057136232e+09,4.244553926e+10,,4.571506113612e+12,running,3.065592286e+09,3.066285068e+09,3.166369808e+09,3.269184473e+09,2.7451894003e+10,4.844744091e+10,Duration of an invocation in various states.,invocation_monitor_time,SUMMARY,15000000000,policy-warm-mz-rr,2019-11-03 10:22:29.436520365
105,960,35277,65248,206358,4.1038983e+07,,,,,,,,Statistics of scheduler evaluations,workflows_scheduler_eval_time,SUMMARY,16000000000,policy-warm-mz-rr,2019-11-03 10:23:25.946095647
106,320,4.26027016e+08,4.34233472e+08,,1.06500120282e+11,queued,3.6549798e+07,3.6971852e+07,5.8288155e+07,2.57967678e+08,4.32430101e+08,4.72057733e+08,Duration of an invocation in various states.,invocation_monitor_time,SUMMARY,16000000000,policy-warm-mz-rr,2019-11-03 10:23:25.946095647
107,310,6.057136232e+09,4.2450479976e+10,,5.118629376166e+12,running,3.065592286e+09,3.066312916e+09,3.166369808e+09,3.26886645e+09,3.0448895087e+10,5.1446531799e+10,Duration of an invocation in various states.,invocation_monitor_time,SUMMARY,16000000000,policy-warm-mz-rr,2019-11-03 10:23:25.946095647
108,1020,35259,61359,185621,4.3189157e+07,,,,,,,,Statistics of scheduler evaluations,workflows_scheduler_eval_time,SUMMARY,17000000000,policy-warm-mz-rr,2019-11-03 10:24:25.449185477
109,340,4.27478841e+08,4.36153947e+08,,1.13416391974e+11,queued,5.7852997e+07,5.785308e+07,1.57891385e+08,2.57995431e+08,4.32646737e+08,4.72057733e+08,Duration of an invocation in various states.,invocation_monitor_time,SUMMARY,17000000000,policy-warm-mz-rr,2019-11-03 10:24:25.449185477
110,330,6.057136232e+09,4.5449315918e+10,,5.695808056223e+12,running,3.065592286e+09,3.066312916e+09,3.166369808e+09,3.26886645e+09,3.0456127308e+10,5.4454848732e+10,Duration of an invocation in various states.,invocation_monitor_time,SUMMARY,17000000000,policy-warm-mz-rr,2019-11-03 10:24:25.449185477
111,1080,35259,61359,167924,4.546076e+07,,,,,,,,Statistics of scheduler evaluations,workflows_scheduler_eval_time,SUMMARY,18000000000,policy-warm-mz-rr,2019-11-03 10:25:27.946731364
112,360,4.28176655e+08,4.36153947e+08,,1.20298598597e+11,queued,5.7852997e+07,5.785308e+07,1.57891385e+08,2.57995431e+08,4.32589502e+08,4.72057733e+08,Duration of an invocation in various states.,invocation_monitor_time,SUMMARY,18000000000,policy-warm-mz-rr,2019-11-03 10:25:27.946731364
113,350,2.4445109333e+10,5.1444798585e+10,,6.303021117302e+12,running,3.066312916e+09,3.068057991e+09,3.16673115e+09,3.26983293e+09,4.2446194538e+10,5.7457835653e+10,Duration of an invocation in various states.,invocation_monitor_time,SUMMARY,18000000000,policy-warm-mz-rr,2019-11-03 10:25:27.946731364
114,1140,34265,60404,154098,4.7775661e+07,,,,,,,,Statistics of scheduler evaluations,workflows_scheduler_eval_time,SUMMARY,19000000000,policy-warm-mz-rr,2019-11-03 10:26:33.467546637
115,380,4.26400233e+08,4.40555051e+08,,1.27100724767e+11,queued,5.7852997e+07,5.7852997e+07,1.5777399e+08,2.57950321e+08,4.32098164e+08,4.72057733e+08,Duration of an invocation in various states.,invocation_monitor_time,SUMMARY,19000000000,policy-warm-mz-rr,2019-11-03 10:26:33.467546637
116,370,3.48971817e+09,5.7444484209e+10,,6.940134841279e+12,running,3.068057991e+09,3.068057991e+09,3.166103856e+09,3.26886645e+09,4.8443788883e+10,6.0456918462e+10,Duration of an invocation in various states.,invocation_monitor_time,SUMMARY,19000000000,policy-warm-mz-rr,2019-11-03 10:26:33.467546637
117,1200,34265,60404,167924,5.1455896e+07,,,,,,,,Statistics of scheduler evaluations,workflows_scheduler_eval_time,SUMMARY,20000000000,policy-warm-mz-rr,2019-11-03 10:27:41.953816553
118,400,4.25519023e+08,4.36251033e+08,,1.33903199747e+11,queued,5.7813123e+07,5.7852997e+07,1.57680333e+08,2.57940584e+08,4.31992638e+08,4.72057733e+08,Duration of an invocation in various states.,invocation_monitor_time,SUMMARY,20000000000,policy-warm-mz-rr,2019-11-03 10:27:41.953816553
119,390,3.48971817e+09,5.7457835653e+10,,7.607227660309e+12,running,3.068057991e+09,3.06812389e+09,3.166103856e+09,3.26886645e+09,4.844744091e+10,6.3449918147e+10,Duration of an invocation in various states.,invocation_monitor_time,SUMMARY,20000000000,policy-warm-mz-rr,2019-11-03 10:27:41.953816553
120,60,47094,77149,98379,3.058904e+06,,,,,,,,Statistics of scheduler evaluations,workflows_scheduler_eval_time,SUMMARY,1000000000,policy-warm-mz-lru,2019-11-03 10:30:00.323773844
121,20,2.59938611e+08,3.77864848e+08,,5.345809321e+09,queued,7.7887638e+07,7.7887638e+07,7.789925e+07,2.58910978e+08,2.77788789e+08,4.77870474e+08,Duration of an invocation in various states.,invocation_monitor_time,SUMMARY,1000000000,policy-warm-mz-lru,2019-11-03 10:30:00.323773844
122,10,6.277460539e+09,6.280346294e+09,,6.2780740859e+10,running,6.275785699e+09,6.275785699e+09,6.275785699e+09,6.276596397e+09,6.278409264e+09,6.280623492e+09,Duration of an invocation in various states.,invocation_monitor_time,SUMMARY,1000000000,policy-warm-mz-lru,2019-11-03 10:30:00.323773844
123,120,50338,85325,105135,6.53176e+06,,,,,,,,Statistics of scheduler evaluations,workflows_scheduler_eval_time,SUMMARY,2000000000,policy-warm-mz-lru,2019-11-03 10:30:14.842057313
124,40,2.77808996e+08,4.48685718e+08,,1.2550684414e+10,queued,7.7887638e+07,7.7887638e+07,7.7999516e+07,2.59049992e+08,4.46525843e+08,4.77918758e+08,Duration of an invocation in various states.,invocation_monitor_time,SUMMARY,2000000000,policy-warm-mz-lru,2019-11-03 10:30:14.842057313
125,30,6.277460539e+09,9.466770706e+09,,1.90305975433e+11,running,3.088572982e+09,3.088572982e+09,3.187495919e+09,3.386380697e+09,9.464156148e+09,9.469862219e+09,Duration of an invocation in various states.,invocation_monitor_time,SUMMARY,2000000000,policy-warm-mz-lru,2019-11-03 10:30:14.842057313
126,180,52335,85451,160330,1.0308321e+07,,,,,,,,Statistics of scheduler evaluations,workflows_scheduler_eval_time,SUMMARY,3000000000,policy-warm-mz-lru,2019-11-03 10:30:32.345051550
127,60,3.77864848e+08,4.49202303e+08,,1.9766806042e+10,queued,7.7887638e+07,7.7887638e+07,7.7999516e+07,2.59288479e+08,4.47934982e+08,4.78086911e+08,Duration of an invocation in various states.,invocation_monitor_time,SUMMARY,3000000000,policy-warm-mz-lru,2019-11-03 10:30:32.345051550
128,50,6.277460539e+09,1.24682001e+10,,3.47848064359e+11,running,3.088572982e+09,3.088572982e+09,3.187495919e+09,3.293825767e+09,9.466770706e+09,1.2469825466e+10,Duration of an invocation in various states.,invocation_monitor_time,SUMMARY,3000000000,policy-warm-mz-lru,2019-11-03 10:30:32.345051550
129,240,52279,85451,161134,1.4426982e+07,,,,,,,,Statistics of scheduler evaluations,workflows_scheduler_eval_time,SUMMARY,4000000000,policy-warm-mz-lru,2019-11-03 10:30:52.853186958
130,80,3.78026046e+08,4.49181151e+08,,2.6954703667e+10,queued,7.7887638e+07,7.7887638e+07,7.8045455e+07,2.5940704e+08,4.47334364e+08,4.78086911e+08,Duration of an invocation in various states.,invocation_monitor_time,SUMMARY,4000000000,policy-warm-mz-lru,2019-11-03 10:30:52.853186958
131,70,6.277460539e+09,1.5469979242e+10,,5.35425629587e+11,running,3.088572982e+09,3.088572982e+09,3.187495919e+09,3.291759298e+09,1.2466067277e+10,1.5478040995e+10,Duration of an invocation in various states.,invocation_monitor_time,SUMMARY,4000000000,policy-warm-mz-lru,2019-11-03 10:30:52.853186958
132,300,52335,83146,161134,1.7794033e+07,,,,,,,,Statistics of scheduler evaluations,workflows_scheduler_eval_time,SUMMARY,5000000000,policy-warm-mz-lru,2019-11-03 10:31:16.362792156
133,100,3.78086659e+08,4.49728825e+08,,3.4159238523e+10,queued,7.7887638e+07,7.7887638e+07,7.8124487e+07,2.59672436e+08,4.48060921e+08,4.78128017e+08,Duration of an invocation in various states.,invocation_monitor_time,SUMMARY,5000000000,policy-warm-mz-lru,2019-11-03 10:31:16.362792156
134,90,6.277460539e+09,1.8463662393e+10,,7.52960232989e+11,running,3.088572982e+09,3.088572982e+09,3.187495919e+09,3.291759298e+09,1.2469499211e+10,1.8474558287e+10,Duration of an invocation in various states.,invocation_monitor_time,SUMMARY,5000000000,policy-warm-mz-lru,2019-11-03 10:31:16.362792156
135,360,51757,85325,161134,2.1333737e+07,,,,,,,,Statistics of scheduler evaluations,workflows_scheduler_eval_time,SUMMARY,6000000000,policy-warm-mz-lru,2019-11-03 10:31:42.861164688
136,120,4.0970504e+08,4.49569855e+08,,4.1343511382e+10,queued,7.7887638e+07,7.7887638e+07,7.8124487e+07,2.59938611e+08,4.47760134e+08,4.78128017e+08,Duration of an invocation in various states.,invocation_monitor_time,SUMMARY,6000000000,policy-warm-mz-lru,2019-11-03 10:31:42.861164688
137,110,6.277460539e+09,1.8474095983e+10,,1.000416000659e+12,running,3.088572982e+09,3.088572982e+09,3.18719998e+09,3.290856906e+09,1.5468692026e+10,2.1465884376e+10,Duration of an invocation in various states.,invocation_monitor_time,SUMMARY,6000000000,policy-warm-mz-lru,2019-11-03 10:31:42.861164688
138,420,51757,85598,161134,2.45702e+07,,,,,,,,Statistics of scheduler evaluations,workflows_scheduler_eval_time,SUMMARY,7000000000,policy-warm-mz-lru,2019-11-03 10:32:12.365164208
139,140,4.17773233e+08,4.49964976e+08,,4.8547302487e+10,queued,7.784341e+07,7.784341e+07,7.8124487e+07,2.59956229e+08,4.48485943e+08,4.78128017e+08,Duration of an invocation in various states.,invocation_monitor_time,SUMMARY,7000000000,policy-warm-mz-lru,2019-11-03 10:32:12.365164208
140,130,6.277460539e+09,2.146464451e+10,,1.277908670968e+12,running,3.088572982e+09,3.088572982e+09,3.186522632e+09,3.290420931e+09,1.5476836219e+10,2.447096482e+10,Duration of an invocation in various states.,invocation_monitor_time,SUMMARY,7000000000,policy-warm-mz-lru,2019-11-03 10:32:12.365164208
141,480,51677,82260,161134,2.7435047e+07,,,,,,,,Statistics of scheduler evaluations,workflows_scheduler_eval_time,SUMMARY,8000000000,policy-warm-mz-lru,2019-11-03 10:32:44.880876267
142,160,4.25998361e+08,4.50236261e+08,,5.5743454479e+10,queued,7.784341e+07,7.784341e+07,7.8124487e+07,2.60613461e+08,4.48995015e+08,4.78128017e+08,Duration of an invocation in various states.,invocation_monitor_time,SUMMARY,8000000000,policy-warm-mz-lru,2019-11-03 10:32:44.880876267
143,150,6.277460539e+09,2.4468170645e+10,,1.585409724308e+12,running,3.088572982e+09,3.088572982e+09,3.186522632e+09,3.290420931e+09,1.8463935507e+10,2.7469527004e+10,Duration of an invocation in various states.,invocation_monitor_time,SUMMARY,8000000000,policy-warm-mz-lru,2019-11-03 10:32:44.880876267
144,540,52279,81551,215585,3.1516709e+07,,,,,,,,Statistics of scheduler evaluations,workflows_scheduler_eval_time,SUMMARY,9000000000,policy-warm-mz-lru,2019-11-03 10:33:20.379376940
145,180,4.28718993e+08,4.50177419e+08,,6.2893146882e+10,queued,7.784341e+07,7.784341e+07,7.8124487e+07,2.60703421e+08,4.48729289e+08,4.78128017e+08,Duration of an invocation in various states.,invocation_monitor_time,SUMMARY,9000000000,policy-warm-mz-lru,2019-11-03 10:33:20.379376940
146,170,6.277460539e+09,2.7465010067e+10,,1.922899059497e+12,running,3.088572982e+09,3.088572982e+09,3.186522632e+09,3.290488784e+09,1.8468834255e+10,3.0467913781e+10,Duration of an invocation in various states.,invocation_monitor_time,SUMMARY,9000000000,policy-warm-mz-lru,2019-11-03 10:33:20.379376940
147,600,52279,81551,260556,3.5187339e+07,,,,,,,,Statistics of scheduler evaluations,workflows_scheduler_eval_time,SUMMARY,10000000000,policy-warm-mz-lru,2019-11-03 10:33:58.877665092
148,200,4.45120496e+08,4.5034434e+08,,7.0093563111e+10,queued,7.784341e+07,7.784675e+07,7.8161181e+07,2.60769228e+08,4.49092311e+08,4.78128017e+08,Duration of an invocation in various states.,invocation_monitor_time,SUMMARY,10000000000,policy-warm-mz-lru,2019-11-03 10:33:58.877665092
149,190,6.277460539e+09,3.0461123423e+10,,2.290374502489e+12,running,3.088323278e+09,3.088323278e+09,3.186522632e+09,3.290420931e+09,2.1462929982e+10,3.3469940868e+10,Duration of an invocation in various states.,invocation_monitor_time,SUMMARY,10000000000,policy-warm-mz-lru,2019-11-03 10:33:58.877665092
150,660,52279,85541,475489,3.9396552e+07,,,,,,,,Statistics of scheduler evaluations,workflows_scheduler_eval_time,SUMMARY,11000000000,policy-warm-mz-lru,2019-11-03 10:34:40.387257470
151,220,4.45287276e+08,4.50363071e+08,,7.7268512588e+10,queued,7.784341e+07,7.784675e+07,7.8161181e+07,2.77689249e+08,4.49092311e+08,4.78128017e+08,Duration of an invocation in various states.,invocation_monitor_time,SUMMARY,11000000000,policy-warm-mz-lru,2019-11-03 10:34:40.387257470
152,210,6.277460539e+09,3.0467529004e+10,,2.687875893759e+12,running,3.088323278e+09,3.088467452e+09,3.186522632e+09,3.290420931e+09,2.146464451e+10,3.6468833384e+10,Duration of an invocation in various states.,invocation_monitor_time,SUMMARY,11000000000,policy-warm-mz-lru,2019-11-03 10:34:40.387257470
153,720,52279,87189,341518,4.2910302e+07,,,,,,,,Statistics of scheduler evaluations,workflows_scheduler_eval_time,SUMMARY,12000000000,policy-warm-mz-lru,2019-11-03 10:35:24.888121025
154,240,4.45506096e+08,4.5034434e+08,,8.4432803349e+10,queued,7.784341e+07,7.784675e+07,7.8161181e+07,2.77788789e+08,4.48995015e+08,4.78128017e+08,Duration of an invocation in various states.,invocation_monitor_time,SUMMARY,12000000000,policy-warm-mz-lru,2019-11-03 10:35:24.888121025
155,230,6.277460539e+09,3.346768882e+10,,3.115357235872e+12,running,3.088323278e+09,3.088467452e+09,3.186522632e+09,3.290420931e+09,2.4463888814e+10,3.9468318257e+10,Duration of an invocation in various states.,invocation_monitor_time,SUMMARY,12000000000,policy-warm-mz-lru,2019-11-03 10:35:24.888121025
156,779,52279,81551,341518,4.6008253e+07,,,,,,,,Statistics of scheduler evaluations,workflows_scheduler_eval_time,SUMMARY,13000000000,policy-warm-mz-lru,2019-11-03 10:36:12.394000603
157,260,4.45148707e+08,4.5034434e+08,,9.1672301445e+10,queued,7.7761066e+07,7.784341e+07,7.8161181e+07,2.77788789e+08,4.48951029e+08,4.78128017e+08,Duration of an invocation in various states.,invocation_monitor_time,SUMMARY,13000000000,policy-warm-mz-lru,2019-11-03 10:36:12.394000603
158,250,6.277460539e+09,3.6467144855e+10,,3.572817825764e+12,running,3.088044551e+09,3.088323278e+09,3.186503621e+09,3.290420931e+09,2.4468824561e+10,4.2470229311e+10,Duration of an invocation in various states.,invocation_monitor_time,SUMMARY,13000000000,policy-warm-mz-lru,2019-11-03 10:36:12.394000603
159,840,52279,81551,277106,4.91457e+07,,,,,,,,Statistics of scheduler evaluations,workflows_scheduler_eval_time,SUMMARY,14000000000,policy-warm-mz-lru,2019-11-03 10:37:03.298648982
160,280,4.45506096e+08,4.5034434e+08,,9.8922465939e+10,queued,7.7761066e+07,7.784341e+07,7.8161181e+07,2.77788789e+08,4.48857784e+08,4.78128017e+08,Duration of an invocation in various states.,invocation_monitor_time,SUMMARY,14000000000,policy-warm-mz-lru,2019-11-03 10:37:03.298648982
161,270,6.277460539e+09,3.9465026483e+10,,4.060355025324e+12,running,3.086512738e+09,3.08717682e+09,3.186503621e+09,3.290325485e+09,2.7464855093e+10,4.5468397542e+10,Duration of an invocation in various states.,invocation_monitor_time,SUMMARY,14000000000,policy-warm-mz-lru,2019-11-03 10:37:03.298648982
162,900,52279,81551,260556,5.2276267e+07,,,,,,,,Statistics of scheduler evaluations,workflows_scheduler_eval_time,SUMMARY,15000000000,policy-warm-mz-lru,2019-11-03 10:37:56.802692692
163,300,4.45506096e+08,4.50523255e+08,,1.06174139544e+11,queued,7.7761066e+07,7.784341e+07,7.8161181e+07,2.77796385e+08,4.48868345e+08,4.78128017e+08,Duration of an invocation in various states.,invocation_monitor_time,SUMMARY,15000000000,policy-warm-mz-lru,2019-11-03 10:37:56.802692692
164,290,6.277460539e+09,4.2460492102e+10,,4.577892173177e+12,running,3.086512738e+09,3.08717682e+09,3.186503621e+09,3.290420931e+09,2.7468884466e+10,4.8469150939e+10,Duration of an invocation in various states.,invocation_monitor_time,SUMMARY,15000000000,policy-warm-mz-lru,2019-11-03 10:37:56.802692692
165,960,52279,81551,260556,5.5281569e+07,,,,,,,,Statistics of scheduler evaluations,workflows_scheduler_eval_time,SUMMARY,16000000000,policy-warm-mz-lru,2019-11-03 10:38:53.308547077
166,320,4.45655613e+08,4.50523255e+08,,1.13412962245e+11,queued,7.7761066e+07,7.784341e+07,7.8161181e+07,2.77808996e+08,4.48741576e+08,4.78128017e+08,Duration of an invocation in various states.,invocation_monitor_time,SUMMARY,16000000000,policy-warm-mz-lru,2019-11-03 10:38:53.308547077
167,310,6.277460539e+09,4.2466988474e+10,,5.12545608149e+12,running,3.086512738e+09,3.087409846e+09,3.186503621e+09,3.290380169e+09,3.0461392029e+10,5.1471247971e+10,Duration of an invocation in various states.,invocation_monitor_time,SUMMARY,16000000000,policy-warm-mz-lru,2019-11-03 10:38:53.308547077
168,1020,51039,80542,260556,5.8506629e+07,,,,,,,,Statistics of scheduler evaluations,workflows_scheduler_eval_time,SUMMARY,17000000000,policy-warm-mz-lru,2019-11-03 10:39:52.818890733
169,340,4.45655613e+08,4.51206416e+08,,1.20662034279e+11,queued,7.7761066e+07,7.7833697e+07,7.8132925e+07,2.77857603e+08,4.4904206e+08,4.78090708e+08,Duration of an invocation in various states.,invocation_monitor_time,SUMMARY,17000000000,policy-warm-mz-lru,2019-11-03 10:39:52.818890733
170,330,6.277460539e+09,4.5466667524e+10,,5.702980440052e+12,running,3.086512738e+09,3.087409846e+09,3.186032555e+09,3.290380169e+09,3.0465710455e+10,5.4468024752e+10,Duration of an invocation in various states.,invocation_monitor_time,SUMMARY,17000000000,policy-warm-mz-lru,2019-11-03 10:39:52.818890733
171,1080,51039,80542,260556,6.2003228e+07,,,,,,,,Statistics of scheduler evaluations,workflows_scheduler_eval_time,SUMMARY,18000000000,policy-warm-mz-lru,2019-11-03 10:40:55.319378906
172,360,4.45188908e+08,4.51206416e+08,,1.27869058325e+11,queued,7.7761066e+07,7.7833697e+07,7.8132925e+07,2.77860019e+08,4.48869807e+08,4.78090708e+08,Duration of an invocation in various states.,invocation_monitor_time,SUMMARY,18000000000,policy-warm-mz-lru,2019-11-03 10:40:55.319378906
173,350,2.4468170645e+10,5.1469778718e+10,,6.310471885958e+12,running,3.086512738e+09,3.08717682e+09,3.186032555e+09,3.290488784e+09,4.2463819446e+10,5.7463835724e+10,Duration of an invocation in various states.,invocation_monitor_time,SUMMARY,18000000000,policy-warm-mz-lru,2019-11-03 10:40:55.319378906
174,1140,50870,81915,277106,6.5697162e+07,,,,,,,,Statistics of scheduler evaluations,workflows_scheduler_eval_time,SUMMARY,19000000000,policy-warm-mz-lru,2019-11-03 10:42:00.822156516
175,380,4.45188908e+08,4.50670897e+08,,1.35107007144e+11,queued,7.7761066e+07,7.7761066e+07,7.8137527e+07,2.77871574e+08,4.48489921e+08,4.78078079e+08,Duration of an invocation in various states.,invocation_monitor_time,SUMMARY,19000000000,policy-warm-mz-lru,2019-11-03 10:42:00.822156516
176,370,3.49151228e+09,5.7459798954e+10,,6.948047514672e+12,running,3.086512738e+09,3.086512738e+09,3.094764179e+09,3.290226407e+09,4.846325244e+10,6.0477250049e+10,Duration of an invocation in various states.,invocation_monitor_time,SUMMARY,19000000000,policy-warm-mz-lru,2019-11-03 10:42:00.822156516
177,1200,50870,81915,277106,7.0087054e+07,,,,,,,,Statistics of scheduler evaluations,workflows_scheduler_eval_time,SUMMARY,20000000000,policy-warm-mz-lru,2019-11-03 10:43:09.327601673
178,400,4.45148707e+08,4.50539272e+08,,1.42312188158e+11,queued,7.7761066e+07,7.7814747e+07,7.8137527e+07,2.77871574e+08,4.48369229e+08,4.78078079e+08,Duration of an invocation in various states.,invocation_monitor_time,SUMMARY,20000000000,policy-warm-mz-lru,2019-11-03 10:43:09.327601673
179,390,3.492836115e+09,5.7463835724e+10,,7.615567743245e+12,running,3.086512738e+09,3.08717682e+09,3.094764179e+09,3.290226407e+09,4.8469150939e+10,6.3467158806e+10,Duration of an invocation in various states.,invocation_monitor_time,SUMMARY,20000000000,policy-warm-mz-lru,2019-11-03 10:43:09.327601673
180,110,29931,47358,73515,3.382422e+06,,,,,,,,Statistics of scheduler evaluations,workflows_scheduler_eval_time,SUMMARY,1000000000,policy-warm-horizon,2019-11-03 11:51:49.882374180
181,40,4.1868186e+07,3.7877499e+08,,6.30928043e+09,queued,3.9368921e+07,3.9368921e+07,4.0007114e+07,4.0487525e+07,2.77666713e+08,4.79283654e+08,Duration of an invocation in various states.,invocation_monitor_time,SUMMARY,1000000000,policy-warm-horizon,2019-11-03 11:51:49.882374180
182,20,6.076226082e+09,6.08728722e+09,,1.21534779875e+11,running,6.052357031e+09,6.052357031e+09,6.066655564e+09,6.067198127e+09,6.086330098e+09,6.089079532e+09,Duration of an invocation in various states.,invocation_monitor_time,SUMMARY,1000000000,policy-warm-horizon,2019-11-03 11:51:49.882374180
183,230,26559,44802,73515,6.776264e+06,,,,,,,,Statistics of scheduler evaluations,workflows_scheduler_eval_time,SUMMARY,2000000000,policy-warm-horizon,2019-11-03 11:52:06.388463191
184,80,2.77651865e+08,4.43697246e+08,,2.0627068434e+10,queued,3.9368921e+07,3.9368921e+07,4.0304555e+07,4.1868186e+07,4.40101259e+08,4.79283654e+08,Duration of an invocation in various states.,invocation_monitor_time,SUMMARY,2000000000,policy-warm-horizon,2019-11-03 11:52:06.388463191
185,60,6.076226082e+09,9.47169567e+09,,3.76641236321e+11,running,3.089257568e+09,3.089257568e+09,3.188577343e+09,3.389598917e+09,9.464220835e+09,9.475332469e+09,Duration of an invocation in various states.,invocation_monitor_time,SUMMARY,2000000000,policy-warm-horizon,2019-11-03 11:52:06.388463191
186,350,26334,48037,225907,1.3002293e+07,,,,,,,,Statistics of scheduler evaluations,workflows_scheduler_eval_time,SUMMARY,3000000000,policy-warm-horizon,2019-11-03 11:52:25.912229580
187,120,3.77595674e+08,4.42878058e+08,,3.478758584e+10,queued,3.9368921e+07,3.9368921e+07,4.0896687e+07,7.8424496e+07,4.36463453e+08,4.79283654e+08,Duration of an invocation in various states.,invocation_monitor_time,SUMMARY,3000000000,policy-warm-horizon,2019-11-03 11:52:25.912229580
188,100,6.076226082e+09,1.2490057421e+10,,6.92113981896e+11,running,3.089257568e+09,3.089257568e+09,3.188062695e+09,3.386841049e+09,9.472196327e+09,1.2496102592e+10,Duration of an invocation in various states.,invocation_monitor_time,SUMMARY,3000000000,policy-warm-horizon,2019-11-03 11:52:25.912229580
189,470,26220,48037,204288,1.6541412e+07,,,,,,,,Statistics of scheduler evaluations,workflows_scheduler_eval_time,SUMMARY,4000000000,policy-warm-horizon,2019-11-03 11:52:48.416097446
190,160,3.23302853e+08,4.42473898e+08,,4.671728902e+10,queued,3.9368921e+07,3.9368921e+07,4.1284019e+07,1.77434272e+08,4.35099815e+08,4.79283654e+08,Duration of an invocation in various states.,invocation_monitor_time,SUMMARY,4000000000,policy-warm-horizon,2019-11-03 11:52:48.416097446
191,140,6.076226082e+09,1.5360058285e+10,,1.065437867541e+12,running,3.086302083e+09,3.086302083e+09,3.188062695e+09,3.319325974e+09,1.2464427114e+10,1.5368431526e+10,Duration of an invocation in various states.,invocation_monitor_time,SUMMARY,4000000000,policy-warm-horizon,2019-11-03 11:52:48.416097446
192,588,26472,46654,260963,2.0419938e+07,,,,,,,,Statistics of scheduler evaluations,workflows_scheduler_eval_time,SUMMARY,5000000000,policy-warm-horizon,2019-11-03 11:53:13.929809171
193,200,3.2504338e+08,4.42473898e+08,,6.0958801938e+10,queued,3.9368921e+07,3.9398084e+07,4.1868186e+07,1.77670386e+08,4.35099815e+08,4.79283654e+08,Duration of an invocation in various states.,invocation_monitor_time,SUMMARY,5000000000,policy-warm-horizon,2019-11-03 11:53:13.929809171
194,180,6.076226082e+09,1.8463172303e+10,,1.501143663097e+12,running,3.086302083e+09,3.086302083e+09,3.188004405e+09,3.299794263e+09,1.2491140422e+10,1.8506903348e+10,Duration of an invocation in various states.,invocation_monitor_time,SUMMARY,5000000000,policy-warm-horizon,2019-11-03 11:53:13.929809171
195,708,26472,46654,225907,2.3664684e+07,,,,,,,,Statistics of scheduler evaluations,workflows_scheduler_eval_time,SUMMARY,6000000000,policy-warm-horizon,2019-11-03 11:53:42.928834869
196,240,3.7754806e+08,4.42473898e+08,,7.5049448756e+10,queued,3.9368921e+07,3.9398084e+07,7.7286356e+07,1.77701458e+08,4.34387846e+08,4.79283654e+08,Duration of an invocation in various states.,invocation_monitor_time,SUMMARY,6000000000,policy-warm-horizon,2019-11-03 11:53:42.928834869
197,220,6.076226082e+09,1.8505067402e+10,,1.996447642712e+12,running,3.086302083e+09,3.088356021e+09,3.188004405e+09,3.296966501e+09,1.5359487294e+10,2.1484684301e+10,Duration of an invocation in various states.,invocation_monitor_time,SUMMARY,6000000000,policy-warm-horizon,2019-11-03 11:53:42.928834869
198,828,26472,46654,253693,3.4109168e+07,,,,,,,,Statistics of scheduler evaluations,workflows_scheduler_eval_time,SUMMARY,7000000000,policy-warm-horizon,2019-11-03 11:54:14.966549384
199,280,3.77693013e+08,4.42473898e+08,,8.9122937454e+10,queued,3.9368921e+07,3.9398084e+07,7.7496414e+07,1.77802498e+08,4.34178458e+08,4.79283654e+08,Duration of an invocation in various states.,invocation_monitor_time,SUMMARY,7000000000,policy-warm-horizon,2019-11-03 11:54:14.966549384
200,260,6.076226082e+09,2.147777146e+10,,2.551987547841e+12,running,3.085484141e+09,3.086302083e+09,3.188004405e+09,3.296265098e+09,1.5366177111e+10,2.4497506107e+10,Duration of an invocation in various states.,invocation_monitor_time,SUMMARY,7000000000,policy-warm-horizon,2019-11-03 11:54:14.966549384
201,948,26472,46654,274555,3.8574306e+07,,,,,,,,Statistics of scheduler evaluations,workflows_scheduler_eval_time,SUMMARY,8000000000,policy-warm-horizon,2019-11-03 11:54:49.948937154
202,320,3.77884083e+08,4.42473898e+08,,1.03406093264e+11,queued,3.9368921e+07,3.992477e+07,7.7543281e+07,1.78224492e+08,4.35099815e+08,4.85389804e+08,Duration of an invocation in various states.,invocation_monitor_time,SUMMARY,8000000000,policy-warm-horizon,2019-11-03 11:54:49.948937154
203,300,6.076226082e+09,2.4493485841e+10,,3.167212027951e+12,running,3.085243467e+09,3.086302083e+09,3.188004405e+09,3.295678276e+09,1.8480223469e+10,2.7484514135e+10,Duration of an invocation in various states.,invocation_monitor_time,SUMMARY,8000000000,policy-warm-horizon,2019-11-03 11:54:49.948937154
204,1070,26472,46654,296804,4.7269086e+07,,,,,,,,Statistics of scheduler evaluations,workflows_scheduler_eval_time,SUMMARY,9000000000,policy-warm-horizon,2019-11-03 11:55:28.842936827
205,360,3.7877499e+08,4.42473898e+08,,1.1756939853e+11,queued,3.9368921e+07,3.992477e+07,7.7550917e+07,1.78718705e+08,4.34473339e+08,4.85389804e+08,Duration of an invocation in various states.,invocation_monitor_time,SUMMARY,9000000000,policy-warm-horizon,2019-11-03 11:55:28.842936827
206,340,6.076226082e+09,2.7461571541e+10,,3.843825148572e+12,running,3.085243467e+09,3.086302083e+09,3.188004405e+09,3.295413468e+09,1.8501276778e+10,3.1433765394e+10,Duration of an invocation in various states.,invocation_monitor_time,SUMMARY,9000000000,policy-warm-horizon,2019-11-03 11:55:28.842936827
207,1188,26472,47193,274555,5.0991806e+07,,,,,,,,Statistics of scheduler evaluations,workflows_scheduler_eval_time,SUMMARY,10000000000,policy-warm-horizon,2019-11-03 11:56:09.434774515
208,400,3.77671267e+08,4.42473898e+08,,1.29680728574e+11,queued,3.9368921e+07,4.0007114e+07,7.7552369e+07,1.79217836e+08,4.3424134e+08,4.85389804e+08,Duration of an invocation in various states.,invocation_monitor_time,SUMMARY,10000000000,policy-warm-horizon,2019-11-03 11:56:09.434774515
209,380,6.076226082e+09,3.0471510128e+10,,4.577273213688e+12,running,3.085243467e+09,3.086302083e+09,3.188004405e+09,3.296242225e+09,2.1456217595e+10,3.337380067e+10,Duration of an invocation in various states.,invocation_monitor_time,SUMMARY,10000000000,policy-warm-horizon,2019-11-03 11:56:09.434774515
210,1308,26472,46654,260963,5.5318086e+07,,,,,,,,Statistics of scheduler evaluations,workflows_scheduler_eval_time,SUMMARY,11000000000,policy-warm-horizon,2019-11-03 11:56:53.438157164
211,440,3.7771631e+08,4.42473898e+08,,1.43899306515e+11,queued,3.9368921e+07,4.0007114e+07,7.7571073e+07,2.77034187e+08,4.34324595e+08,4.85389804e+08,Duration of an invocation in various states.,invocation_monitor_time,SUMMARY,11000000000,policy-warm-horizon,2019-11-03 11:56:53.438157164
212,420,6.076226082e+09,3.0502830926e+10,,5.372524345219e+12,running,3.085243467e+09,3.086302083e+09,3.188004405e+09,3.296242225e+09,2.1477798193e+10,3.6476019931e+10,Duration of an invocation in various states.,invocation_monitor_time,SUMMARY,11000000000,policy-warm-horizon,2019-11-03 11:56:53.438157164
213,1427,26472,47193,260963,5.8758913e+07,,,,,,,,Statistics of scheduler evaluations,workflows_scheduler_eval_time,SUMMARY,12000000000,policy-warm-horizon,2019-11-03 11:57:40.433907944
214,480,3.77888065e+08,4.42473898e+08,,1.58218729356e+11,queued,3.9368921e+07,4.0007114e+07,7.7590267e+07,2.77375862e+08,4.35317977e+08,4.85389804e+08,Duration of an invocation in various states.,invocation_monitor_time,SUMMARY,12000000000,policy-warm-horizon,2019-11-03 11:57:40.433907944
215,460,6.076226082e+09,3.3366013884e+10,,6.227684246709e+12,running,3.085036217e+09,3.08615029e+09,3.188004405e+09,3.295678276e+09,2.4490656363e+10,3.9474718719e+10,Duration of an invocation in various states.,invocation_monitor_time,SUMMARY,12000000000,policy-warm-horizon,2019-11-03 11:57:40.433907944
216,1550,26472,46654,260963,6.439271e+07,,,,,,,,Statistics of scheduler evaluations,workflows_scheduler_eval_time,SUMMARY,13000000000,policy-warm-horizon,2019-11-03 11:58:30.845282901
217,520,3.78455762e+08,4.42878058e+08,,1.72289558478e+11,queued,3.9368921e+07,4.0245741e+07,7.7601062e+07,2.77394827e+08,4.34978929e+08,4.85389804e+08,Duration of an invocation in various states.,invocation_monitor_time,SUMMARY,13000000000,policy-warm-horizon,2019-11-03 11:58:30.845282901
218,500,6.078634175e+09,3.6463614447e+10,,7.144059728447e+12,running,3.085036217e+09,3.087412614e+09,3.188004405e+09,3.296242225e+09,2.4494997215e+10,4.2936323337e+10,Duration of an invocation in various states.,invocation_monitor_time,SUMMARY,13000000000,policy-warm-horizon,2019-11-03 11:58:30.845282901
219,1669,26472,46654,260963,6.827124e+07,,,,,,,,Statistics of scheduler evaluations,workflows_scheduler_eval_time,SUMMARY,14000000000,policy-warm-horizon,2019-11-03 11:59:23.365650470
220,560,3.79265125e+08,4.42473898e+08,,1.86485043244e+11,queued,3.9368921e+07,4.0245741e+07,7.7633325e+07,2.77416039e+08,4.34652906e+08,4.85389804e+08,Duration of an invocation in various states.,invocation_monitor_time,SUMMARY,14000000000,policy-warm-horizon,2019-11-03 11:59:23.365650470
221,540,6.078634175e+09,3.9461361617e+10,,8.119044151273e+12,running,3.085036217e+09,3.087412614e+09,3.185597032e+09,3.295678276e+09,2.7461571541e+10,4.5464722606e+10,Duration of an invocation in various states.,invocation_monitor_time,SUMMARY,14000000000,policy-warm-horizon,2019-11-03 11:59:23.365650470
222,1790,26472,46654,260963,7.1623137e+07,,,,,,,,Statistics of scheduler evaluations,workflows_scheduler_eval_time,SUMMARY,15000000000,policy-warm-horizon,2019-11-03 12:00:19.382318722
223,600,3.82321498e+08,4.42317992e+08,,2.00559199061e+11,queued,3.9368921e+07,4.0245741e+07,7.7646403e+07,2.77465259e+08,4.3454301e+08,4.85389804e+08,Duration of an invocation in various states.,invocation_monitor_time,SUMMARY,15000000000,policy-warm-horizon,2019-11-03 12:00:19.382318722
224,580,6.078634175e+09,4.2467486506e+10,,9.156095807576e+12,running,3.085036217e+09,3.087412614e+09,3.185597032e+09,3.295413468e+09,2.7480283744e+10,4.8469691432e+10,Duration of an invocation in various states.,invocation_monitor_time,SUMMARY,15000000000,policy-warm-horizon,2019-11-03 12:00:19.382318722
225,1910,26472,46654,274555,7.7060485e+07,,,,,,,,Statistics of scheduler evaluations,workflows_scheduler_eval_time,SUMMARY,16000000000,policy-warm-horizon,2019-11-03 12:01:18.859553683
226,640,3.78051425e+08,4.42242081e+08,,2.12799739747e+11,queued,3.9368921e+07,4.0304555e+07,7.7651601e+07,2.77497652e+08,4.34293221e+08,4.85389804e+08,Duration of an invocation in various states.,invocation_monitor_time,SUMMARY,16000000000,policy-warm-horizon,2019-11-03 12:01:18.859553683
227,620,6.078634175e+09,4.2483210026e+10,,1.0250221902483e+13,running,3.085036217e+09,3.087764672e+09,3.185597032e+09,3.295089964e+09,3.0485274362e+10,5.2343411576e+10,Duration of an invocation in various states.,invocation_monitor_time,SUMMARY,16000000000,policy-warm-horizon,2019-11-03 12:01:18.859553683
228,2030,26344,46624,326811,8.1206214e+07,,,,,,,,Statistics of scheduler evaluations,workflows_scheduler_eval_time,SUMMARY,17000000000,policy-warm-horizon,2019-11-03 12:02:20.375617660
229,680,3.82321498e+08,4.41647823e+08,,2.27092110976e+11,queued,7.5775077e+07,7.6710034e+07,7.9601118e+07,2.77552873e+08,4.34997478e+08,4.85389804e+08,Duration of an invocation in various states.,invocation_monitor_time,SUMMARY,17000000000,policy-warm-horizon,2019-11-03 12:02:20.375617660
230,660,2.4493485841e+10,4.846694454e+10,,1.1405391773412e+13,running,3.085036217e+09,3.085932651e+09,3.184522814e+09,3.294743135e+09,3.9471558196e+10,5.4479580933e+10,Duration of an invocation in various states.,invocation_monitor_time,SUMMARY,17000000000,policy-warm-horizon,2019-11-03 12:02:20.375617660
231,2150,26344,46624,296804,8.4671937e+07,,,,,,,,Statistics of scheduler evaluations,workflows_scheduler_eval_time,SUMMARY,18000000000,policy-warm-horizon,2019-11-03 12:03:25.868500549
232,720,4.23707576e+08,4.41324446e+08,,2.41243631319e+11,queued,7.5775077e+07,7.6710034e+07,8.229448e+07,2.77560057e+08,4.34621784e+08,4.85389804e+08,Duration of an invocation in various states.,invocation_monitor_time,SUMMARY,18000000000,policy-warm-horizon,2019-11-03 12:03:25.868500549
233,700,2.4493485841e+10,5.1372646913e+10,,1.2621286860498e+13,running,3.085036217e+09,3.085932651e+09,3.184522814e+09,3.294569374e+09,4.2469805933e+10,5.8434150262e+10,Duration of an invocation in various states.,invocation_monitor_time,SUMMARY,18000000000,policy-warm-horizon,2019-11-03 12:03:25.868500549
234,2270,24980,46422,296804,8.8695769e+07,,,,,,,,Statistics of scheduler evaluations,workflows_scheduler_eval_time,SUMMARY,19000000000,policy-warm-horizon,2019-11-03 12:04:33.401570939
235,760,4.25448184e+08,4.41310449e+08,,2.55335979604e+11,queued,7.5775077e+07,7.7278711e+07,7.9601118e+07,2.77532647e+08,4.34593096e+08,4.82437096e+08,Duration of an invocation in various states.,invocation_monitor_time,SUMMARY,19000000000,policy-warm-horizon,2019-11-03 12:04:33.401570939
236,740,3.3360174377e+10,5.7450735477e+10,,1.3896387277927e+13,running,3.085036217e+09,3.085932651e+09,3.184522814e+09,3.293861878e+09,4.8458657853e+10,6.0472455112e+10,Duration of an invocation in various states.,invocation_monitor_time,SUMMARY,19000000000,policy-warm-horizon,2019-11-03 12:04:33.401570939
237,2390,25083,47358,345581,1.0087145e+08,,,,,,,,Statistics of scheduler evaluations,workflows_scheduler_eval_time,SUMMARY,20000000000,policy-warm-horizon,2019-11-03 12:05:43.895024903
238,800,4.2533764e+08,4.39940579e+08,,2.69385760562e+11,queued,7.7278711e+07,7.7408895e+07,8.250508e+07,2.77552873e+08,4.32725739e+08,4.82437096e+08,Duration of an invocation in various states.,invocation_monitor_time,SUMMARY,20000000000,policy-warm-horizon,2019-11-03 12:05:43.895024903
239,780,3.3360174377e+10,5.7470837389e+10,,1.5231386068423e+13,running,3.085036217e+09,3.08615029e+09,3.184522814e+09,3.293288603e+09,4.8465134046e+10,6.3468863105e+10,Duration of an invocation in various states.,invocation_monitor_time,SUMMARY,20000000000,policy-warm-horizon,2019-11-03 12:05:43.895024903
